sample_id;prediction
131672_1767670500;63.890715
131672_1767670800;46.069464
131672_1767671100;136.765788
131672_1767671400;101.891670
134040_1767672000;41.537116
134040_1767672300;50.026614
134040_1767672600;60.264591
134040_1767672900;88.829927
134040_1767673200;93.319282
134040_1767673500;107.575794
122048_1767673800;72.033086
122048_1767674100;27.273794
122048_1767674400;-6.643002
122048_1767674700;-38.160132
122048_1767675000;-17.308751
122048_1767675300;-40.988037
131672_1767675600;38.928947
131672_1767675900;-9.856831
131672_1767676200;-12.822199
131672_1767676500;-44.859727
131672_1767676800;-15.940434
131672_1767677100;-21.480709
122658_1767679500;50.085569
122658_1767679800;59.683760
122658_1767680100;66.801583
122658_1767680400;50.777971
122658_1767680700;129.068595
134040_1767684600;-2.367260
130238_1767684600;29.940745
130238_1767684900;33.208755
134040_1767684900;44.905330
134040_1767685200;106.623987
130238_1767685200;45.675854
134040_1767685500;99.586808
130238_1767685500;61.393753
134040_1767685800;92.634889
130238_1767685800;85.005765
130238_1767686100;68.202995
134040_1767686100;61.466900
122658_1767686400;7.160353
122658_1767686700;-8.431093
122658_1767687000;-3.030412
122658_1767687300;34.087930
122658_1767687600;46.255763
122658_1767687900;53.091088
122613_1767690000;53.551492
122613_1767690300;50.403401
122613_1767690600;70.914210
122613_1767690900;89.868792
122613_1767691200;35.898518
122613_1767691500;55.663792
122048_1767695400;-134.982749
122048_1767695700;-136.952104
122048_1767696000;-121.506366
122048_1767696300;-30.746136
122048_1767696600;27.459698
122048_1767696900;-31.463166
133300_1767699000;54.689895
122048_1767699000;-158.090124
133300_1767699300;57.665844
122048_1767699300;-78.533017
122048_1767699600;-145.183881
133300_1767699600;83.056849
122048_1767699900;-146.435952
133300_1767699900;36.286013
122048_1767700200;-159.926705
133300_1767700200;65.688779
122048_1767700500;29.228943
133300_1767700500;51.525374
133957_1767700800;67.918136
133957_1767701100;74.352265
133957_1767701400;76.041273
133957_1767701700;65.393396
133957_1767702000;64.495342
133957_1767702300;107.733696
129964_1767702600;21.865046
129964_1767702900;-34.350510
129964_1767703200;-29.597449
129964_1767703500;-42.260493
129964_1767704100;-106.900453
122658_1767706200;223.636910
122658_1767706500;0.586839
122658_1767706800;10.981562
122658_1767707100;7.622105
122658_1767707400;-9.664063
131672_1767709800;34.140087
122048_1767709800;2.711379
131672_1767710100;15.261890
122048_1767710100;-1.689872
131672_1767710400;-32.704776
122048_1767710400;-29.993473
122048_1767710700;-40.064567
131672_1767710700;-43.624223
131672_1767711000;-72.248838
122048_1767711000;34.672951
122048_1767711300;-8.702398
131672_1767711300;-51.475583
132430_1767713400;240.485058
133300_1767713400;1.276564
132430_1767713700;319.712965
133300_1767713700;10.119938
133300_1767714000;16.148714
132430_1767714000;281.318249
132430_1767714300;187.862979
133300_1767714600;-23.025764
132430_1767714600;320.497352
132430_1767714900;238.768046
133300_1767714900;32.237254
122048_1767717000;-30.177078
122048_1767717300;-7.504390
122048_1767717600;-28.174385
122613_1767718800;95.384488
132430_1767720000;240.016685
132430_1767720300;238.145752
131672_1767722400;38.472958
131672_1767722700;59.225518
131672_1767723000;147.513064
131672_1767723300;181.167140
131672_1767723600;205.016140
131672_1767723900;267.353193
133957_1767724200;199.038737
132430_1767727800;227.176086
132430_1767728100;294.348031
132430_1767728400;174.187701
132430_1767728700;260.674672
132430_1767729000;129.812819
132430_1767729300;105.321813
122048_1767731400;-13.262626
122048_1767731700;3.824923
122048_1767732000;13.834535
122048_1767732300;15.642611
122048_1767732600;10.426717
122048_1767732900;6.002417
134040_1767733200;253.837501
134040_1767733500;252.559441
134040_1767733800;345.706453
134040_1767734100;413.965383
134040_1767734400;399.505080
134040_1767734700;376.954562
130072_1767736800;-29.113217
130072_1767737100;-14.788910
130072_1767737400;6.364380
130072_1767737700;11.036425
130072_1767738000;2.686642
130072_1767738300;6.286032
130072_1767742200;35.646262
130072_1767742500;10.947469
130072_1767742800;13.210732
130072_1767743100;8.931825
130072_1767743400;21.033672
130072_1767743700;7.198726
